,EmployeeName,JobTitle,BasePay,OvertimePay,OtherPay,Benefits,TotalPay,TotalPayBenefits,Year
104400,David H Vidrio,Public Svc Aide-Public Works,13952.11,117.13,122.86,3165.44,14192.1,17357.54,2013
108007,David H Vidrio,Recreation Leader,3937.41,0.00,0.00,853.87,3937.41,4791.28,2013
143258,David H Vidrio,Recreation Leader,10329.67,0.00,23.59,2657.99,10353.26,13011.25,2014
186521,David H Vidrio,Public Svc Aide-Public Works,0.00,0.00,2249.98,152.91,2249.98,2402.89,2015
187546,David H Vidrio,Recreation Leader,637.31,0.00,0.00,43.32,637.31,680.63,2015
227005,David H Vidrio,Recreation Leader,2661.31,0.00,4.49,1465.23,2665.8,4131.03,2016
270456,David H Vidrio,Public Svc Aide-Public Works,0.00,0.00,109.90,1.10,109.9,111.0,2017
270460,David H Vidrio,Recreation Leader,0.00,0.00,109.90,1.10,109.9,111.0,2017
